pre_root_id,post_root_id,x,y,z
720575940605560678,720575940632008007,790590,265784,210220
720575940605560678,720575940632008007,791078,260748,210260
720575940605560678,720575940632008007,792292,260404,210280
720575940605560678,720575940632008007,793796,266924,215020
720575940605560678,720575940632008007,793976,266938,215000
720575940605560678,720575940632008007,794284,266942,214600
720575940605560678,720575940632008007,795212,268472,215500
720575940607385283,720575940632008007,790166,262192,211880
720575940607385283,720575940632008007,790268,265060,209800
720575940607385283,720575940632008007,790672,262816,212300
720575940607385283,720575940632008007,790696,265714,210140
720575940607385283,720575940632008007,791076,262866,210460
720575940607385283,720575940632008007,791090,263116,210360
720575940607385283,720575940632008007,791204,262390,211040
720575940607385283,720575940632008007,791512,262130,210080
720575940607385283,720575940632008007,791884,262360,210480
720575940607385283,720575940632008007,793648,264284,210540
720575940607385283,720575940632008007,793774,262216,210440
720575940607385283,720575940632008007,794540,262662,210100
720575940608305756,720575940617782941,709094,219180,211780
720575940608305756,720575940617782941,709740,219408,210220
720575940608305756,720575940617782941,709754,217852,211120
720575940608305756,720575940617782941,709812,217610,211180
720575940608305756,720575940617782941,710574,219236,211460
720575940608305756,720575940617782941,710696,219622,210220
720575940608305756,720575940617782941,710740,218320,210320
720575940608305756,720575940617782941,712842,219172,210420
720575940608305756,720575940625571465,708940,218908,212040
720575940608305756,720575940625571465,709494,217734,211560
720575940608305756,720575940625571465,709698,219336,210140
720575940608305756,720575940625571465,709756,217672,211280
720575940608305756,720575940625571465,709756,217750,211160
720575940608305756,720575940625571465,710860,219484,210200
720575940608305756,720575940625571465,711166,219380,210060
720575940608305756,720575940625571465,711288,218272,210320
720575940608305756,720575940625571465,711414,219292,210160
720575940608305756,720575940625571465,711504,219104,210220
720575940608305756,720575940625571465,711744,218166,210540
720575940608305756,720575940625571465,713228,219472,210700
720575940608305756,720575940625571465,714558,218084,211020
720575940610813816,720575940632008007,772614,251858,205980
720575940610813816,720575940632008007,772802,251810,206000
720575940610813816,720575940632008007,772920,256728,205460
720575940610813816,720575940632008007,773504,257428,205160
720575940610813816,720575940632008007,775856,262282,203040
720575940610813816,720575940632008007,779942,258644,209040
720575940610934340,720575940616224414,788290,269910,205120
720575940610934340,720575940616224414,788410,269308,204980
720575940610934340,720575940616224414,789858,268406,204980
720575940610934340,720575940616224414,790340,269468,204500
720575940610934340,720575940616224414,791132,270738,204780
720575940612197986,720575940616224414,788796,273890,209720
720575940612197986,720575940616224414,788842,272024,208760
720575940612197986,720575940616224414,789562,272976,210380
720575940612197986,720575940616224414,789694,272882,208840
720575940612197986,720575940616224414,789742,272780,210360
720575940612197986,720575940616224414,789958,273420,209600
720575940612197986,720575940616224414,790226,272152,210420
720575940612197986,720575940616224414,790460,274386,207980
720575940612197986,720575940616224414,790550,272676,210860
720575940612197986,720575940616224414,790928,270752,207980
720575940612197986,720575940616224414,791664,275144,207540
720575940612197986,720575940616224414,792618,275284,208500
720575940612197986,720575940616224414,792992,270540,209940
720575940614063587,720575940632008007,774108,252874,205260
720575940614063587,720575940632008007,776482,256456,206320
720575940614063587,720575940632008007,776758,256310,206560
720575940614063587,720575940632008007,776850,260662,205040
720575940614063587,720575940632008007,777710,258886,206420
720575940614212258,720575940632008007,789758,255332,214660
720575940614212258,720575940632008007,790032,253412,216700
720575940614212258,720575940632008007,790072,253496,216380
720575940614212258,720575940632008007,790248,253692,216500
720575940614212258,720575940632008007,790288,254818,214340
720575940614212258,720575940632008007,790346,252840,217320
720575940614212258,720575940632008007,790542,256068,216440
720575940614324130,720575940617782941,720310,237006,227800
720575940614324130,720575940617782941,720414,237400,226100
720575940614324130,720575940617782941,721686,230306,226040
720575940614324130,720575940617782941,721854,226308,223940
720575940614324130,720575940617782941,721892,226198,224120
720575940614324130,720575940625571465,720974,225470,223180
720575940614324130,720575940625571465,721308,227270,215540
720575940614324130,720575940625571465,721354,224448,216900
720575940614324130,720575940625571465,721532,224854,217160
720575940614324130,720575940625571465,723304,222780,215600
720575940614484530,720575940625571465,708704,217066,212020
720575940614484530,720575940625571465,710198,216624,212060
720575940614484530,720575940625571465,710884,215118,211840
720575940614484530,720575940625571465,710950,214954,211960
720575940614484530,720575940625571465,711024,215114,211720
720575940614484530,720575940625571465,713418,215520,213260
720575940614484530,720575940625571465,713998,215802,213420
720575940615101506,720575940632008007,772906,261576,203120
720575940615101506,720575940632008007,772924,261646,203000
720575940615101506,720575940632008007,774226,251718,206980
720575940615101506,720575940632008007,775470,257590,207560
720575940615101506,720575940632008007,775998,257998,207200
720575940615101506,720575940632008007,779908,258578,208680
720575940615101506,720575940632008007,790160,252400,217740
720575940615901115,720575940617782941,709866,223730,211160
720575940615901115,720575940617782941,711102,224478,211320
720575940615901115,720575940617782941,711124,224542,211460
720575940615901115,720575940617782941,712742,223532,212220
720575940615901115,720575940617782941,712764,223002,212000
720575940615901115,720575940617782941,713322,222732,211040
720575940616224414,720575940605115936,759730,276524,213260
720575940616224414,720575940605115936,760956,269128,213140
720575940616224414,720575940605115936,761294,269026,212260
720575940616224414,720575940605115936,763094,273840,212820
720575940616224414,720575940605115936,763428,272290,215200
720575940616224414,720575940605115936,764170,265852,212600
720575940616224414,720575940605115936,764548,276212,212200
720575940616224414,720575940612735205,760834,268858,213240
720575940616224414,720575940612735205,763108,274866,213300
720575940616224414,720575940612735205,763252,274832,213380
720575940616224414,720575940612735205,763468,272352,215300
720575940616224414,720575940612735205,763788,272538,215460
720575940616224414,720575940612735205,763940,270788,215660
720575940616224414,720575940612735205,764760,267540,214580
720575940616224414,720575940612735205,764886,267478,214460
720575940616224414,720575940613214058,760424,276964,212480
720575940616224414,720575940613214058,760586,277196,212980
720575940616224414,720575940613214058,760614,274960,213940
720575940616224414,720575940613214058,760876,274658,213680
720575940616224414,720575940613214058,761762,274006,213880
720575940616224414,720575940613214058,763318,272254,215320
720575940616224414,720575940613214058,763518,271256,215420
720575940616224414,720575940613214058,764526,270342,214160
720575940616224414,720575940617278109,760046,276924,213360
720575940616224414,720575940617278109,760990,274570,213600
720575940616224414,720575940617278109,761040,269170,213120
720575940616224414,720575940617278109,761372,274320,213280
720575940616224414,720575940617278109,761882,268972,212340
720575940616224414,720575940617278109,763244,274848,213120
720575940616224414,720575940617278109,763846,270998,214740
720575940616224414,720575940617278109,764198,275516,212960
720575940616224414,720575940617278109,764274,267598,214040
720575940616224414,720575940617278109,764304,265934,212480
720575940616224414,720575940617278109,764616,266010,212520
720575940616224414,720575940618898715,759922,276896,213400
720575940616224414,720575940618898715,760070,276778,212700
720575940616224414,720575940618898715,761034,269180,212980
720575940616224414,720575940618898715,761296,268888,212240
720575940616224414,720575940618898715,761836,268910,212300
720575940616224414,720575940618898715,762604,272370,212380
720575940616224414,720575940618898715,763402,270026,212320
720575940616224414,720575940618898715,763470,271406,215400
720575940616224414,720575940618898715,763992,266174,214180
720575940616224414,720575940618898715,764146,276968,212340
720575940616224414,720575940618898715,764346,273068,214860
720575940616224414,720575940618898715,764550,274790,213040
720575940616224414,720575940618898715,765242,268942,213860
720575940616224414,720575940620807919,760022,274808,214200
720575940616224414,720575940620807919,760104,274804,214000
720575940616224414,720575940620807919,761672,273872,213800
720575940616224414,720575940620807919,762410,273128,213560
720575940616224414,720575940620807919,762700,272458,212280
720575940616224414,720575940620807919,764028,274390,213400
720575940616224414,720575940622883853,763052,273878,212740
720575940616224414,720575940622883853,764260,275628,212880
720575940616224414,720575940622883853,764344,275838,212940
720575940616224414,720575940622883853,764624,276460,212100
720575940616224414,720575940622883853,764758,266488,214160
720575940616224414,720575940622883853,764844,267402,214500
720575940616224414,720575940625247049,760632,275128,213960
720575940616224414,720575940625247049,760758,276778,212920
720575940616224414,720575940625247049,763566,271734,215200
720575940616224414,720575940625247049,763902,270948,214680
720575940616224414,720575940625247049,764200,270746,215560
720575940616224414,720575940625247049,764468,272442,214980
720575940616224414,720575940627756937,764000,266168,214040
720575940616224414,720575940627756937,764152,267616,214300
720575940616224414,720575940627756937,764268,265992,212560
720575940616224414,720575940627756937,764684,266494,214400
720575940616224414,720575940627756937,764726,266406,214240
720575940616224414,720575940627756937,765366,269462,213980
720575940616224414,720575940629384271,759610,275404,213820
720575940616224414,720575940629384271,759832,276818,213400
720575940616224414,720575940629384271,760948,274632,213720
720575940616224414,720575940629384271,763848,274536,213620
720575940616224414,720575940629384271,764496,274862,213140
720575940616224414,720575940629384271,765302,269374,214180
720575940616224414,720575940630475351,759790,275576,213800
720575940616224414,720575940630475351,759902,276890,213480
720575940616224414,720575940630475351,760018,276514,213160
720575940616224414,720575940630475351,760692,276708,212900
720575940616224414,720575940630475351,763808,276742,212460
720575940616224414,720575940630475351,764022,270792,215660
720575940616224414,720575940630475351,764318,271546,214740
720575940616224414,720575940630475351,764460,274834,213080
720575940616224414,720575940630475351,764516,272496,214960
720575940616224414,720575940630475351,765064,269014,214140
720575940616224414,720575940630475351,765204,269136,213960
720575940616224414,720575940630978602,763538,271672,215240
720575940616224414,720575940630978602,763914,270920,215760
720575940616224414,720575940630978602,764032,271588,214720
720575940616224414,720575940630978602,764186,270936,215640
720575940616224414,720575940630978602,764240,276998,212240
720575940616224414,720575940634050073,760776,268854,213200
720575940616224414,720575940634050073,761870,268860,212480
720575940616224414,720575940634050073,763990,270850,214720
720575940616224414,720575940634050073,764080,270752,215620
720575940616224414,720575940634050073,764364,265852,212400
720575940616224414,720575940634050073,764486,270226,214160
720575940616224414,720575940634675819,760276,276996,212500
720575940616224414,720575940634675819,763328,269874,212320
720575940616224414,720575940634675819,764016,274434,213480
720575940616224414,720575940634675819,764114,274808,213360
720575940616224414,720575940634675819,764526,276570,212320
720575940616224414,720575940634675819,764588,276052,212280
720575940616224414,720575940634675819,764660,274794,212940
720575940616224414,720575940644651812,759796,276624,213240
720575940616224414,720575940644651812,762426,273158,213620
720575940616224414,720575940644651812,762504,272996,213500
720575940616224414,720575940644651812,762730,277740,211660
720575940616224414,720575940644651812,762756,272356,213140
720575940616224414,720575940644651812,762992,274838,213320
720575940616224414,720575940644651812,763180,273908,212680
720575940616224414,720575940644651812,763484,271328,215380
720575940616224414,720575940644651812,763942,265998,213600
720575940616224414,720575940644651812,764032,276960,212400
720575940616224414,720575940644651812,764068,266250,214060
720575940616224414,720575940644651812,764074,274890,213300
720575940616224414,720575940644651812,764734,267672,214580
720575940616224414,720575940644651812,765362,269344,214000
720575940617782941,720575940608552405,718746,243112,226400
720575940617782941,720575940608552405,719130,241696,227200
720575940617782941,720575940608552405,719438,241146,227260
720575940617782941,720575940608552405,719542,243704,226460
720575940617782941,720575940608552405,720074,238668,227800
720575940617782941,720575940608552405,720118,243266,227000
720575940617782941,720575940608552405,720442,243398,227160
720575940617782941,720575940608552405,720538,241788,226960
720575940617782941,720575940608552405,721016,237308,226480
720575940617782941,720575940608552405,722394,231468,226400
720575940617782941,720575940608552405,723032,228028,225580
720575940617782941,720575940611007534,721516,225180,226320
720575940617782941,720575940611007534,722278,231582,226400
720575940617782941,720575940611007534,722462,231148,226340
720575940617782941,720575940611007534,722492,226328,224940
720575940617782941,720575940611007534,722872,228118,225320
720575940617782941,720575940614324130,720090,237292,226460
720575940617782941,720575940614324130,720296,237048,226160
720575940617782941,720575940614324130,722428,231262,226400
720575940617782941,720575940614324130,722532,230998,226140
720575940617782941,720575940614324130,722542,231100,226260
720575940617782941,720575940616358722,718764,243210,226240
720575940617782941,720575940616358722,718830,242992,226480
720575940617782941,720575940616358722,719134,242792,226280
720575940617782941,720575940616358722,720544,239408,227820
720575940617782941,720575940616358722,720746,236086,225940
720575940617782941,720575940616358722,720968,237310,226580
720575940617782941,720575940616358722,721412,229862,225860
720575940617782941,720575940616358722,721580,225128,226140
720575940617782941,720575940616358722,721642,235706,226220
720575940617782941,720575940616358722,721826,235054,226400
720575940617782941,720575940616358722,721870,226204,224900
720575940617782941,720575940616358722,722090,228184,226060
720575940617782941,720575940616358722,722162,226712,224640
720575940617782941,720575940616358722,722476,226446,224960
720575940617782941,720575940616358722,722564,231284,226340
720575940617782941,720575940616358722,722604,230190,224900
720575940617782941,720575940616358722,722682,230314,224960
720575940617782941,720575940616358722,722698,231252,226120
720575940617782941,720575940616690482,720420,243582,227360
720575940617782941,720575940616690482,720430,237582,227020
720575940617782941,720575940616690482,722384,231596,226400
720575940617782941,720575940616690482,722392,232880,225640
720575940617782941,720575940616690482,722642,231140,226260
720575940617782941,720575940616690482,722958,228080,225420
720575940617782941,720575940633448479,718712,243168,226480
720575940617782941,720575940633448479,720186,242508,227900
720575940617782941,720575940633448479,720434,236796,226100
720575940617782941,720575940633448479,720726,236210,225660
720575940617782941,720575940633448479,722548,230250,224880
720575940617782941,720575940633572004,719062,241616,227180
720575940617782941,720575940633572004,719488,243778,226660
720575940617782941,720575940633572004,720970,237348,226480
720575940617782941,720575940633572004,721376,229778,225860
720575940617782941,720575940633572004,721900,226398,226980
720575940618076902,720575940617782941,707298,222130,213260
720575940618076902,720575940617782941,707492,221526,213160
720575940618076902,720575940617782941,707530,221392,213280
720575940618076902,720575940617782941,707834,219212,213520
720575940618076902,720575940617782941,709612,220346,211720
720575940618076902,720575940617782941,712456,222900,214760
720575940618076902,720575940617782941,712700,222644,215000
720575940618672293,720575940625571465,709992,214176,214040
720575940618672293,720575940625571465,710436,214604,213820
720575940618672293,720575940625571465,711632,214814,213080
720575940618672293,720575940625571465,712778,214670,213400
720575940618672293,720575940625571465,714006,214692,214160
720575940618898715,720575940616224414,761836,269440,212820
720575940618898715,720575940616224414,762046,269504,212640
720575940618898715,720575940616224414,762756,278758,211040
720575940618898715,720575940616224414,763070,277412,211520
720575940618898715,720575940616224414,763240,277378,211640
720575940618898715,720575940616224414,764228,273072,215120
720575940618898715,720575940616224414,764376,273240,214960
720575940618898715,720575940616224414,764520,266616,213800
720575940618898715,720575940616224414,764524,273236,214600
720575940618898715,720575940616224414,764976,274628,212200
720575940621116807,720575940625571465,711980,221854,209900
720575940621116807,720575940625571465,712534,222050,210060
720575940621116807,720575940625571465,713318,214888,210840
720575940621116807,720575940625571465,713592,214888,211360
720575940621116807,720575940625571465,714234,217472,211100
720575940621116807,720575940625571465,715930,222438,211260
720575940621618209,720575940632008007,792514,259622,221420
720575940621618209,720575940632008007,792608,266420,216920
720575940621618209,720575940632008007,792738,259720,221000
720575940621618209,720575940632008007,793144,263718,220780
720575940621618209,720575940632008007,795310,261854,219080
720575940625571465,720575940614324130,720674,226740,216280
720575940625571465,720575940614324130,721710,219810,215840
720575940625571465,720575940614324130,723066,222388,214680
720575940625571465,720575940614324130,725488,226192,214240
720575940625571465,720575940614324130,725628,227138,214700
720575940625571465,720575940614324130,725848,226882,214080
720575940625571465,720575940614324130,725994,227034,214340
720575940625571465,720575940616780683,720090,227046,217480
720575940625571465,720575940616780683,720714,227466,216940
720575940625571465,720575940616780683,721436,225000,216380
720575940625571465,720575940616780683,722020,218708,216120
720575940625571465,720575940616780683,722558,227954,216140
720575940625571465,720575940616780683,724554,218630,215260
720575940625571465,720575940616780683,727096,224372,214360
720575940625571465,720575940618681709,719570,227272,217160
720575940625571465,720575940618681709,723482,218870,216400
720575940625571465,720575940618681709,724284,219366,215780
720575940625571465,720575940618681709,724732,225098,215400
720575940625571465,720575940618681709,726352,225572,214900
720575940625571465,720575940618681709,726668,227784,214240
720575940625571465,720575940618681709,726904,226192,214540
720575940625571465,720575940618681709,727034,224210,214380
720575940625571465,720575940621780812,709044,217660,212540
720575940625571465,720575940621780812,709046,217840,212620
720575940625571465,720575940621780812,709784,214986,212400
720575940625571465,720575940621780812,709888,215048,212140
720575940625571465,720575940621780812,712554,219562,212060
720575940625571465,720575940621780812,712898,219984,211960
720575940625571465,720575940621780812,712966,220046,212120
720575940625571465,720575940627190556,722970,218648,215780
720575940625571465,720575940627190556,724368,219518,215600
720575940625571465,720575940627190556,724546,219464,215360
720575940625571465,720575940627190556,724658,218492,215140
720575940625571465,720575940627190556,724680,228712,215400
720575940625571465,720575940627190556,724796,225084,215360
720575940625571465,720575940627190556,725340,226146,214600
720575940625571465,720575940627190556,725448,226138,214400
720575940625571465,720575940629148007,719894,227130,216660
720575940625571465,720575940629148007,720018,226902,217200
720575940625571465,720575940629148007,721828,219908,215740
720575940625571465,720575940629148007,722008,218604,216180
720575940625571465,720575940629148007,724466,219414,215360
720575940625571465,720575940629148007,724756,218900,215000
720575940625571465,720575940629148007,726084,222948,215600
720575940625571465,720575940629148007,726366,225720,215060
720575940625571465,720575940629148007,726696,226064,214620
720575940625571465,720575940631408246,721428,224994,216480
720575940625571465,720575940631408246,721924,224352,216240
720575940625571465,720575940631408246,724358,224714,215800
720575940625571465,720575940631408246,725526,226270,214260
720575940625571465,720575940631408246,725842,226924,214020
720575940625571465,720575940632504874,720000,226924,217300
720575940625571465,720575940632504874,721210,220446,216880
720575940625571465,720575940632504874,721386,224900,216600
720575940625571465,720575940632504874,721760,219988,215660
720575940625571465,720575940632504874,721934,224436,216480
720575940625571465,720575940632504874,722112,218694,216060
720575940625571465,720575940632504874,723344,222146,215400
720575940625571465,720575940632504874,723584,218870,216280
720575940625571465,720575940632504874,724322,224624,215760
720575940625571465,720575940632504874,725888,223148,215760
720575940625571465,720575940632504874,726012,223032,215620
720575940625571465,720575940639209956,719720,227412,217160
720575940625571465,720575940639209956,719884,227234,216760
720575940625571465,720575940639209956,720272,227006,217300
720575940625571465,720575940639209956,720662,226656,216380
720575940625571465,720575940639209956,723370,228768,215880
720575940625571465,720575940639209956,724756,218830,214900
720575940625571465,720575940639209956,726244,222952,215580
720575940625571465,720575940639209956,726372,224504,215400
720575940625571465,720575940639209956,727076,226254,215440
720575940625571465,720575940639209956,727136,224236,214300
720575940626979621,720575940616224414,787974,268996,205560
720575940626979621,720575940616224414,788200,271028,203040
720575940626979621,720575940616224414,789082,270444,208820
720575940626979621,720575940616224414,789144,271644,209960
720575940626979621,720575940616224414,789364,271538,209520
720575940626979621,720575940616224414,789504,268942,206040
720575940626979621,720575940616224414,789656,269224,206640
720575940626979621,720575940616224414,789986,268108,205280
720575940626979621,720575940616224414,790226,268866,204860
720575940626979621,720575940616224414,790258,268136,204920
720575940626979621,720575940616224414,790364,268244,204720
720575940626979621,720575940616224414,790790,267968,205660
720575940626979621,720575940617782941,710488,223880,211400
720575940626979621,720575940617782941,710562,214106,213360
720575940626979621,720575940617782941,710842,213010,215100
720575940626979621,720575940617782941,710852,213146,214800
720575940626979621,720575940617782941,711038,214346,213280
720575940626979621,720575940617782941,711052,212156,214020
720575940626979621,720575940617782941,711188,214162,214160
720575940626979621,720575940617782941,711866,213058,212820
720575940626979621,720575940617782941,712114,213368,214060
720575940626979621,720575940617782941,712200,213568,212260
720575940626979621,720575940617782941,712300,212418,212800
720575940626979621,720575940617782941,712392,214104,213640
720575940626979621,720575940617782941,712492,213530,212280
720575940626979621,720575940617782941,712658,214028,213740
720575940626979621,720575940617782941,712702,208754,212520
720575940626979621,720575940617782941,714882,218580,211700
720575940626979621,720575940625571465,706678,221356,213960
720575940626979621,720575940625571465,707342,220480,213520
720575940626979621,720575940625571465,708642,220766,214080
720575940626979621,720575940625571465,708694,220900,214380
720575940626979621,720575940625571465,709314,220772,213680
720575940626979621,720575940625571465,709434,216878,215100
720575940626979621,720575940625571465,709564,220890,213340
720575940626979621,720575940625571465,709788,216608,215600
720575940626979621,720575940625571465,709852,220610,214720
720575940626979621,720575940625571465,709892,219828,214000
720575940626979621,720575940625571465,709918,220768,214540
720575940626979621,720575940625571465,710078,220884,214120
720575940626979621,720575940625571465,710204,220252,214400
720575940626979621,720575940625571465,710248,220946,214300
720575940626979621,720575940625571465,710276,220920,214040
720575940626979621,720575940625571465,710288,217028,215400
720575940626979621,720575940625571465,710378,221264,214320
720575940626979621,720575940625571465,710452,220456,213920
720575940626979621,720575940625571465,711954,218144,212840
720575940626979621,720575940625571465,712466,218856,213140
720575940626979621,720575940625571465,713304,217958,212800
720575940626979621,720575940632008007,790242,253158,216600
720575940626979621,720575940632008007,790364,264418,209740
720575940626979621,720575940632008007,790524,256972,210240
720575940626979621,720575940632008007,790728,256680,210700
720575940626979621,720575940632008007,790778,266362,209640
720575940626979621,720575940632008007,790802,255500,210960
720575940626979621,720575940632008007,790978,263644,210320
720575940626979621,720575940632008007,790984,262782,210520
720575940626979621,720575940632008007,791150,258900,210460
720575940626979621,720575940632008007,792058,261870,209980
720575940626979621,720575940632008007,792716,262844,209540
720575940626979621,720575940632008007,792780,262520,210220
720575940628545643,720575940632008007,793926,259230,219240
720575940628545643,720575940632008007,794214,259672,219620
720575940628545643,720575940632008007,794242,260304,218800
720575940628545643,720575940632008007,794918,260208,220260
720575940628545643,720575940632008007,795038,260746,221240
720575940628545643,720575940632008007,795134,259980,220520
720575940628545643,720575940632008007,795304,261712,219480
720575940628545643,720575940632008007,795414,261034,218660
720575940630799226,720575940632008007,790086,262646,214720
720575940630799226,720575940632008007,791202,260110,217140
720575940630799226,720575940632008007,791230,262956,216400
720575940630799226,720575940632008007,791260,263326,216040
720575940630799226,720575940632008007,791304,263300,215840
720575940630799226,720575940632008007,791822,260716,216500
720575940630799226,720575940632008007,792270,260200,214280
720575940630799226,720575940632008007,792408,260420,215640
720575940630799226,720575940632008007,792444,261556,215900
720575940630799226,720575940632008007,792454,260286,214720
720575940630799226,720575940632008007,792670,264170,214460
720575940630799226,720575940632008007,792804,264054,215440
720575940630799226,720575940632008007,793724,263820,216740
720575940630799226,720575940632008007,793976,262944,213340
720575940630799226,720575940632008007,793984,263968,214160
720575940630799226,720575940632008007,794788,260672,215240
720575940630799226,720575940632008007,794828,260820,214680
720575940630799226,720575940632008007,795008,263852,214600
720575940631207468,720575940632008007,790998,258436,214200
720575940631207468,720575940632008007,791306,258586,214500
720575940631207468,720575940632008007,791778,258058,213460
720575940631207468,720575940632008007,793336,257630,214620
720575940631207468,720575940632008007,793340,258044,215840
720575940631207468,720575940632008007,793544,257548,214640
720575940631207468,720575940632008007,793982,258296,213820
720575940632008007,720575940613101487,771876,262876,203420
720575940632008007,720575940613101487,772454,261578,203160
720575940632008007,720575940613101487,772872,261682,201280
720575940632008007,720575940613101487,773836,260298,203760
720575940632008007,720575940613101487,775118,263142,203900
720575940632008007,720575940615933919,771942,262942,203640
720575940632008007,720575940615933919,772252,257556,203880
720575940632008007,720575940615933919,772550,261276,201860
720575940632008007,720575940615933919,772736,261784,201460
720575940632008007,720575940615933919,772876,257284,204400
720575940632008007,720575940615933919,773078,251604,205800
720575940632008007,720575940615933919,774874,252306,205760
720575940632008007,720575940615933919,775466,252358,206760
720575940632008007,720575940615933919,775518,252326,206940
720575940632008007,720575940615933919,776124,257652,206740
720575940632008007,720575940615933919,777006,255986,207520
720575940632008007,720575940615933919,777132,255350,207540
720575940632008007,720575940615933919,777244,255102,208400
720575940632008007,720575940615933919,777288,255148,208180
720575940632008007,720575940615933919,777402,254884,208640
720575940632008007,720575940615933919,778074,258246,208800
720575940632008007,720575940615933919,778414,257712,209240
720575940632008007,720575940615933919,778654,258344,209240
720575940632008007,720575940622323080,774784,252306,205680
720575940632008007,720575940622323080,776956,255612,208440
720575940632008007,720575940622323080,777016,255198,207600
720575940632008007,720575940622323080,777608,258576,206680
720575940632008007,720575940622323080,777762,258114,208280
720575940632008007,720575940626979621,789414,254448,214620
720575940632008007,720575940626979621,790816,261466,215540
720575940632008007,720575940626979621,790962,256878,214520
720575940632008007,720575940626979621,791010,261292,215780
720575940632008007,720575940626979621,791138,255414,213240
720575940632008007,720575940626979621,791776,263506,216220
720575940632008007,720575940626979621,791878,267958,215360
720575940632008007,720575940626979621,791886,263442,215980
720575940632008007,720575940626979621,791962,263728,215900
720575940632008007,720575940626979621,792146,256410,208900
720575940632008007,720575940626979621,793086,268900,214500
720575940632008007,720575940627190556,771522,262976,203720
720575940632008007,720575940627190556,772264,262510,203860
720575940632008007,720575940627190556,772390,262068,202540
720575940632008007,720575940627190556,772552,261262,202240
720575940632008007,720575940627190556,772558,261356,201940
720575940632008007,720575940627190556,772620,261592,203260
720575940632008007,720575940627190556,772960,261830,201320
720575940632008007,720575940629148007,772176,258164,204240
720575940632008007,720575940629148007,772326,257808,205000
720575940632008007,720575940629148007,772484,262138,202580
720575940632008007,720575940629148007,772624,257804,205120
720575940632008007,720575940629148007,774982,252814,206200
720575940632008007,720575940629148007,776492,259272,207540
720575940632008007,720575940629148007,776870,254298,208280
720575940632008007,720575940629148007,777010,254160,208360
720575940632008007,720575940629148007,777960,258662,207520
720575940632008007,720575940632504874,772306,258196,204020
720575940632008007,720575940632504874,772536,257996,203640
720575940632008007,720575940632504874,772588,262048,202500
720575940632008007,720575940632504874,773032,257176,204500
720575940632008007,720575940632504874,774588,262728,204180
720575940632008007,720575940632504874,774864,252338,205840
720575940632008007,720575940632504874,775224,263118,203880
720575940632008007,720575940632504874,775892,261338,205060
720575940632008007,720575940632504874,776020,260518,204840
720575940632008007,720575940632504874,776484,256150,207580
720575940632008007,720575940632504874,776538,259390,207520
720575940632008007,720575940632504874,776670,259504,207300
720575940632008007,720575940632504874,776872,256594,206300
720575940632008007,720575940632504874,777054,255318,207500
720575940632008007,720575940632504874,777250,255136,208080
720575940632008007,720575940632504874,777636,258398,206860
720575940632008007,720575940632504874,777886,258098,208200
720575940632008007,720575940632504874,778072,258572,207580
720575940632008007,720575940632504874,778556,258324,209280
720575940632008007,720575940632504874,778986,258218,208620
720575940632008007,720575940639209956,772074,257684,203980
720575940632008007,720575940639209956,772172,258156,203940
720575940632008007,720575940639209956,772314,257772,205160
720575940632008007,720575940639209956,772534,257732,205180
720575940632008007,720575940639209956,772836,257226,204520
720575940632008007,720575940639209956,774486,262798,204060
720575940632008007,720575940639209956,774530,262830,203880
720575940632008007,720575940639209956,774678,262536,203980
720575940632008007,720575940639209956,775090,262480,203980
720575940633448479,720575940617782941,718244,243358,226360
720575940633448479,720575940617782941,718434,243506,226640
720575940633448479,720575940617782941,718818,243330,226260
720575940633448479,720575940617782941,722934,228574,226040
720575940633448479,720575940617782941,722998,227998,226300
720575940634612194,720575940632008007,773800,251204,207220
720575940634612194,720575940632008007,776100,258262,206980
720575940634612194,720575940632008007,777000,256088,207700
720575940634612194,720575940632008007,777314,255430,208020
720575940634612194,720575940632008007,779594,258170,208340
720575940635066798,720575940617782941,712506,218546,213380
720575940635066798,720575940617782941,712752,218316,213240
720575940635066798,720575940617782941,713408,217988,213680
720575940635066798,720575940617782941,713952,220280,212360
720575940635066798,720575940617782941,714070,219846,211940
720575940635066798,720575940617782941,714086,220104,212860
720575940635066798,720575940617782941,714402,218412,213520
720575940635066798,720575940617782941,714572,217460,213560
720575940635066798,720575940617782941,714920,219694,211540
720575940635066798,720575940617782941,714972,219352,211620
720575940635066798,720575940617782941,715502,220714,211660
720575940635066798,720575940625571465,712506,218656,213340
720575940635066798,720575940625571465,712704,218336,213160
720575940635066798,720575940625571465,712944,218174,213240
720575940635066798,720575940625571465,713014,219294,212700
720575940635066798,720575940625571465,713194,219326,212540
720575940635066798,720575940625571465,713208,217956,213860
720575940635066798,720575940625571465,714038,220080,212960
720575940635066798,720575940625571465,714084,219748,211920
720575940635066798,720575940625571465,714302,218714,213760
720575940635066798,720575940625571465,714302,219704,211700
720575940635066798,720575940625571465,714444,218552,213580
720575940635066798,720575940625571465,714444,219716,211600
720575940635066798,720575940625571465,714448,219138,213300
720575940635066798,720575940625571465,714458,219316,211960
720575940635066798,720575940625571465,714512,219364,213560
720575940635066798,720575940625571465,714530,219014,213000
720575940635066798,720575940625571465,714574,219218,212120
720575940635066798,720575940625571465,714698,217408,213580
720575940635066798,720575940625571465,715104,219810,211620
720575940635066798,720575940625571465,715146,219434,211700
720575940635066798,720575940625571465,715418,220780,211660
720575940638729048,720575940616224414,788018,277872,205120
720575940638729048,720575940616224414,788194,277798,205220
720575940638729048,720575940616224414,788780,277990,199840
720575940638729048,720575940616224414,789590,278624,201980
720575940638729048,720575940616224414,789956,278372,201600
720575940639209956,720575940632008007,772044,257646,203000
720575940639209956,720575940632008007,772516,262754,203300
720575940639209956,720575940632008007,775176,257196,208160
720575940639209956,720575940632008007,777942,254224,209440
720575940639209956,720575940632008007,778614,261224,206640
720575940642570125,720575940625571465,709984,221728,210400
720575940642570125,720575940625571465,710042,221774,210220
720575940642570125,720575940625571465,710102,221540,210840
720575940642570125,720575940625571465,710484,220250,210420
720575940642570125,720575940625571465,710600,221512,210180
720575940642570125,720575940625571465,710620,220376,210620
720575940642570125,720575940625571465,713700,220184,213000
720575940643763656,720575940617782941,711160,220200,210720
720575940643763656,720575940617782941,711172,218882,211160
720575940643763656,720575940617782941,711362,219254,211560
720575940643763656,720575940617782941,711600,217250,211360
720575940643763656,720575940617782941,711676,217378,211280
720575940643763656,720575940617782941,711880,217978,211040
720575940643763656,720575940617782941,712342,219274,210520
720575940643763656,720575940617782941,712918,219716,212840
720575940643763656,720575940617782941,713472,219732,213180
720575940643763656,720575940617782941,713498,219802,212120
720575940643763656,720575940617782941,714466,219514,211120
720575940643763656,720575940625571465,710022,217020,211820
720575940643763656,720575940625571465,710516,217036,210820
720575940643763656,720575940625571465,711688,219046,212120
720575940643763656,720575940625571465,711778,218366,213240
720575940643763656,720575940625571465,712950,217456,212780
720575940643763656,720575940625571465,715054,217734,212180
720575940650461561,720575940632008007,791410,264922,213280
720575940650461561,720575940632008007,793462,264844,213820
720575940650461561,720575940632008007,793560,264932,214040
720575940650461561,720575940632008007,794054,263568,213320
720575940650461561,720575940632008007,794064,265198,213280
720575940650461561,720575940632008007,794142,263324,212640
720575940650461561,720575940632008007,794192,264128,212660
720575940650461561,720575940632008007,794650,265984,213340
720575940650461561,720575940632008007,794672,267032,214460
